"","pokemon_names","pokemon_types"
"1","Bulbasaur","GrassPoison"
"2","Ivysaur","GrassPoison"
"3","Venusaur","GrassPoison"
"4","VenusaurMega Venusaur","GrassPoison"
"5","Charmander","Fire"
"6","Charmeleon","Fire"
"7","Charizard","FireFlying"
"8","CharizardMega Charizard X","FireDragon"
"9","CharizardMega Charizard Y","FireFlying"
"10","Squirtle","Water"
"11","Wartortle","Water"
"12","Blastoise","Water"
"13","BlastoiseMega Blastoise","Water"
"14","Caterpie","Bug"
"15","Metapod","Bug"
"16","Butterfree","BugFlying"
"17","Weedle","BugPoison"
"18","Kakuna","BugPoison"
"19","Beedrill","BugPoison"
"20","BeedrillMega Beedrill","BugPoison"
"21","Pidgey","NormalFlying"
"22","Pidgeotto","NormalFlying"
"23","Pidgeot","NormalFlying"
"24","PidgeotMega Pidgeot","NormalFlying"
"25","Rattata","Normal"
"26","RattataAlolan Rattata","DarkNormal"
"27","Raticate","Normal"
"28","RaticateAlolan Raticate","DarkNormal"
"29","Spearow","NormalFlying"
"30","Fearow","NormalFlying"
"31","Ekans","Poison"
"32","Arbok","Poison"
"33","Pikachu","Electric"
"34","PikachuPartner Pikachu","Electric"
"35","Raichu","Electric"
"36","RaichuAlolan Raichu","ElectricPsychic"
"37","Sandshrew","Ground"
"38","SandshrewAlolan Sandshrew","IceSteel"
"39","Sandslash","Ground"
"40","SandslashAlolan Sandslash","IceSteel"
"41","Nidoran♀","Poison"
"42","Nidorina","Poison"
"43","Nidoqueen","PoisonGround"
"44","Nidoran♂","Poison"
"45","Nidorino","Poison"
"46","Nidoking","PoisonGround"
"47","Clefairy","Fairy"
"48","Clefable","Fairy"
"49","Vulpix","Fire"
"50","VulpixAlolan Vulpix","Ice"
"51","Ninetales","Fire"
"52","NinetalesAlolan Ninetales","IceFairy"
"53","Jigglypuff","NormalFairy"
"54","Wigglytuff","NormalFairy"
"55","Zubat","PoisonFlying"
"56","Golbat","PoisonFlying"
"57","Oddish","GrassPoison"
"58","Gloom","GrassPoison"
"59","Vileplume","GrassPoison"
"60","Paras","BugGrass"
"61","Parasect","BugGrass"
"62","Venonat","BugPoison"
"63","Venomoth","BugPoison"
"64","Diglett","Ground"
"65","DiglettAlolan Diglett","GroundSteel"
"66","Dugtrio","Ground"
"67","DugtrioAlolan Dugtrio","GroundSteel"
"68","Meowth","Normal"
"69","MeowthAlolan Meowth","Dark"
"70","MeowthGalarian Meowth","Steel"
"71","Persian","Normal"
"72","PersianAlolan Persian","Dark"
"73","Psyduck","Water"
"74","Golduck","Water"
"75","Mankey","Fighting"
"76","Primeape","Fighting"
"77","Growlithe","Fire"
"78","GrowlitheHisuian Growlithe","FireRock"
"79","Arcanine","Fire"
"80","ArcanineHisuian Arcanine","FireRock"
"81","Poliwag","Water"
"82","Poliwhirl","Water"
"83","Poliwrath","WaterFighting"
"84","Abra","Psychic"
"85","Kadabra","Psychic"
"86","Alakazam","Psychic"
"87","AlakazamMega Alakazam","Psychic"
"88","Machop","Fighting"
"89","Machoke","Fighting"
"90","Machamp","Fighting"
"91","Bellsprout","GrassPoison"
"92","Weepinbell","GrassPoison"
"93","Victreebel","GrassPoison"
"94","Tentacool","WaterPoison"
"95","Tentacruel","WaterPoison"
"96","Geodude","RockGround"
"97","GeodudeAlolan Geodude","RockElectric"
"98","Graveler","RockGround"
"99","GravelerAlolan Graveler","RockElectric"
"100","Golem","RockGround"
"101","GolemAlolan Golem","RockElectric"
"102","Ponyta","Fire"
"103","PonytaGalarian Ponyta","Psychic"
"104","Rapidash","Fire"
"105","RapidashGalarian Rapidash","PsychicFairy"
"106","Slowpoke","WaterPsychic"
"107","SlowpokeGalarian Slowpoke","Psychic"
"108","Slowbro","WaterPsychic"
"109","SlowbroMega Slowbro","WaterPsychic"
"110","SlowbroGalarian Slowbro","PoisonPsychic"
"111","Magnemite","ElectricSteel"
"112","Magneton","ElectricSteel"
"113","Farfetch'd","NormalFlying"
"114","Farfetch'dGalarian Farfetch'd","Fighting"
"115","Doduo","NormalFlying"
"116","Dodrio","NormalFlying"
"117","Seel","Water"
"118","Dewgong","WaterIce"
"119","Grimer","Poison"
"120","GrimerAlolan Grimer","PoisonDark"
"121","Muk","Poison"
"122","MukAlolan Muk","PoisonDark"
"123","Shellder","Water"
"124","Cloyster","WaterIce"
"125","Gastly","GhostPoison"
"126","Haunter","GhostPoison"
"127","Gengar","GhostPoison"
"128","GengarMega Gengar","GhostPoison"
"129","Onix","RockGround"
"130","Drowzee","Psychic"
"131","Hypno","Psychic"
"132","Krabby","Water"
"133","Kingler","Water"
"134","Voltorb","Electric"
"135","VoltorbHisuian Voltorb","ElectricGrass"
"136","Electrode","Electric"
"137","ElectrodeHisuian Electrode","ElectricGrass"
"138","Exeggcute","GrassPsychic"
"139","Exeggutor","GrassPsychic"
"140","ExeggutorAlolan Exeggutor","GrassDragon"
"141","Cubone","Ground"
"142","Marowak","Ground"
"143","MarowakAlolan Marowak","FireGhost"
"144","Hitmonlee","Fighting"
"145","Hitmonchan","Fighting"
"146","Lickitung","Normal"
"147","Koffing","Poison"
"148","Weezing","Poison"
"149","WeezingGalarian Weezing","PoisonFairy"
"150","Rhyhorn","GroundRock"
"151","Rhydon","GroundRock"
"152","Chansey","Normal"
"153","Tangela","Grass"
"154","Kangaskhan","Normal"
"155","KangaskhanMega Kangaskhan","Normal"
"156","Horsea","Water"
"157","Seadra","Water"
"158","Goldeen","Water"
"159","Seaking","Water"
"160","Staryu","Water"
"161","Starmie","WaterPsychic"
"162","Mr. Mime","PsychicFairy"
"163","Mr. MimeGalarian Mr. Mime","IcePsychic"
"164","Scyther","BugFlying"
"165","Jynx","IcePsychic"
"166","Electabuzz","Electric"
"167","Magmar","Fire"
"168","Pinsir","Bug"
"169","PinsirMega Pinsir","BugFlying"
"170","Tauros","Normal"
"171","TaurosCombat Breed","Fighting"
"172","TaurosBlaze Breed","FightingFire"
"173","TaurosAqua Breed","FightingWater"
"174","Magikarp","Water"
"175","Gyarados","WaterFlying"
"176","GyaradosMega Gyarados","WaterDark"
"177","Lapras","WaterIce"
"178","Ditto","Normal"
"179","Eevee","Normal"
"180","EeveePartner Eevee","Normal"
"181","Vaporeon","Water"
"182","Jolteon","Electric"
"183","Flareon","Fire"
"184","Porygon","Normal"
"185","Omanyte","RockWater"
"186","Omastar","RockWater"
"187","Kabuto","RockWater"
"188","Kabutops","RockWater"
"189","Aerodactyl","RockFlying"
"190","AerodactylMega Aerodactyl","RockFlying"
"191","Snorlax","Normal"
"192","Articuno","IceFlying"
"193","ArticunoGalarian Articuno","PsychicFlying"
"194","Zapdos","ElectricFlying"
"195","ZapdosGalarian Zapdos","FightingFlying"
"196","Moltres","FireFlying"
"197","MoltresGalarian Moltres","DarkFlying"
"198","Dratini","Dragon"
"199","Dragonair","Dragon"
"200","Dragonite","DragonFlying"
"201","Mewtwo","Psychic"
"202","MewtwoMega Mewtwo X","PsychicFighting"
"203","MewtwoMega Mewtwo Y","Psychic"
"204","Mew","Psychic"
"205","Chikorita","Grass"
"206","Bayleef","Grass"
"207","Meganium","Grass"
"208","Cyndaquil","Fire"
"209","Quilava","Fire"
"210","Typhlosion","Fire"
"211","TyphlosionHisuian Typhlosion","FireGhost"
"212","Totodile","Water"
"213","Croconaw","Water"
"214","Feraligatr","Water"
"215","Sentret","Normal"
"216","Furret","Normal"
"217","Hoothoot","NormalFlying"
"218","Noctowl","NormalFlying"
"219","Ledyba","BugFlying"
"220","Ledian","BugFlying"
"221","Spinarak","BugPoison"
"222","Ariados","BugPoison"
"223","Crobat","PoisonFlying"
"224","Chinchou","WaterElectric"
"225","Lanturn","WaterElectric"
"226","Pichu","Electric"
"227","Cleffa","Fairy"
"228","Igglybuff","NormalFairy"
"229","Togepi","Fairy"
"230","Togetic","FairyFlying"
"231","Natu","PsychicFlying"
"232","Xatu","PsychicFlying"
"233","Mareep","Electric"
"234","Flaaffy","Electric"
"235","Ampharos","Electric"
"236","AmpharosMega Ampharos","ElectricDragon"
"237","Bellossom","Grass"
"238","Marill","WaterFairy"
"239","Azumarill","WaterFairy"
"240","Sudowoodo","Rock"
"241","Politoed","Water"
"242","Hoppip","GrassFlying"
"243","Skiploom","GrassFlying"
"244","Jumpluff","GrassFlying"
"245","Aipom","Normal"
"246","Sunkern","Grass"
"247","Sunflora","Grass"
"248","Yanma","BugFlying"
"249","Wooper","WaterGround"
"250","WooperPaldean Wooper","PoisonGround"
"251","Quagsire","WaterGround"
"252","Espeon","Psychic"
"253","Umbreon","Dark"
"254","Murkrow","DarkFlying"
"255","Slowking","WaterPsychic"
"256","SlowkingGalarian Slowking","PoisonPsychic"
"257","Misdreavus","Ghost"
"258","Unown","Psychic"
"259","Wobbuffet","Psychic"
"260","Girafarig","NormalPsychic"
"261","Pineco","Bug"
"262","Forretress","BugSteel"
"263","Dunsparce","Normal"
"264","Gligar","GroundFlying"
"265","Steelix","SteelGround"
"266","SteelixMega Steelix","SteelGround"
"267","Snubbull","Fairy"
"268","Granbull","Fairy"
"269","Qwilfish","WaterPoison"
"270","QwilfishHisuian Qwilfish","DarkPoison"
"271","Scizor","BugSteel"
"272","ScizorMega Scizor","BugSteel"
"273","Shuckle","BugRock"
"274","Heracross","BugFighting"
"275","HeracrossMega Heracross","BugFighting"
"276","Sneasel","DarkIce"
"277","SneaselHisuian Sneasel","FightingPoison"
"278","Teddiursa","Normal"
"279","Ursaring","Normal"
"280","Slugma","Fire"
"281","Magcargo","FireRock"
"282","Swinub","IceGround"
"283","Piloswine","IceGround"
"284","Corsola","WaterRock"
"285","CorsolaGalarian Corsola","Ghost"
"286","Remoraid","Water"
"287","Octillery","Water"
"288","Delibird","IceFlying"
"289","Mantine","WaterFlying"
"290","Skarmory","SteelFlying"
"291","Houndour","DarkFire"
"292","Houndoom","DarkFire"
"293","HoundoomMega Houndoom","DarkFire"
"294","Kingdra","WaterDragon"
"295","Phanpy","Ground"
"296","Donphan","Ground"
"297","Porygon2","Normal"
"298","Stantler","Normal"
"299","Smeargle","Normal"
"300","Tyrogue","Fighting"
"301","Hitmontop","Fighting"
"302","Smoochum","IcePsychic"
"303","Elekid","Electric"
"304","Magby","Fire"
"305","Miltank","Normal"
"306","Blissey","Normal"
"307","Raikou","Electric"
"308","Entei","Fire"
"309","Suicune","Water"
"310","Larvitar","RockGround"
"311","Pupitar","RockGround"
"312","Tyranitar","RockDark"
"313","TyranitarMega Tyranitar","RockDark"
"314","Lugia","PsychicFlying"
"315","Ho-oh","FireFlying"
"316","Celebi","PsychicGrass"
"317","Treecko","Grass"
"318","Grovyle","Grass"
"319","Sceptile","Grass"
"320","SceptileMega Sceptile","GrassDragon"
"321","Torchic","Fire"
"322","Combusken","FireFighting"
"323","Blaziken","FireFighting"
"324","BlazikenMega Blaziken","FireFighting"
"325","Mudkip","Water"
"326","Marshtomp","WaterGround"
"327","Swampert","WaterGround"
"328","SwampertMega Swampert","WaterGround"
"329","Poochyena","Dark"
"330","Mightyena","Dark"
"331","Zigzagoon","Normal"
"332","ZigzagoonGalarian Zigzagoon","DarkNormal"
"333","Linoone","Normal"
"334","LinooneGalarian Linoone","DarkNormal"
"335","Wurmple","Bug"
"336","Silcoon","Bug"
"337","Beautifly","BugFlying"
"338","Cascoon","Bug"
"339","Dustox","BugPoison"
"340","Lotad","WaterGrass"
"341","Lombre","WaterGrass"
"342","Ludicolo","WaterGrass"
"343","Seedot","Grass"
"344","Nuzleaf","GrassDark"
"345","Shiftry","GrassDark"
"346","Taillow","NormalFlying"
"347","Swellow","NormalFlying"
"348","Wingull","WaterFlying"
"349","Pelipper","WaterFlying"
"350","Ralts","PsychicFairy"
"351","Kirlia","PsychicFairy"
"352","Gardevoir","PsychicFairy"
"353","GardevoirMega Gardevoir","PsychicFairy"
"354","Surskit","BugWater"
"355","Masquerain","BugFlying"
"356","Shroomish","Grass"
"357","Breloom","GrassFighting"
"358","Slakoth","Normal"
"359","Vigoroth","Normal"
"360","Slaking","Normal"
"361","Nincada","BugGround"
"362","Ninjask","BugFlying"
"363","Shedinja","BugGhost"
"364","Whismur","Normal"
"365","Loudred","Normal"
"366","Exploud","Normal"
"367","Makuhita","Fighting"
"368","Hariyama","Fighting"
"369","Azurill","NormalFairy"
"370","Nosepass","Rock"
"371","Skitty","Normal"
"372","Delcatty","Normal"
"373","Sableye","DarkGhost"
"374","SableyeMega Sableye","DarkGhost"
"375","Mawile","SteelFairy"
"376","MawileMega Mawile","SteelFairy"
"377","Aron","SteelRock"
"378","Lairon","SteelRock"
"379","Aggron","SteelRock"
"380","AggronMega Aggron","Steel"
"381","Meditite","FightingPsychic"
"382","Medicham","FightingPsychic"
"383","MedichamMega Medicham","FightingPsychic"
"384","Electrike","Electric"
"385","Manectric","Electric"
"386","ManectricMega Manectric","Electric"
"387","Plusle","Electric"
"388","Minun","Electric"
"389","Volbeat","Bug"
"390","Illumise","Bug"
"391","Roselia","GrassPoison"
"392","Gulpin","Poison"
"393","Swalot","Poison"
"394","Carvanha","WaterDark"
"395","Sharpedo","WaterDark"
"396","SharpedoMega Sharpedo","WaterDark"
"397","Wailmer","Water"
"398","Wailord","Water"
"399","Numel","FireGround"
"400","Camerupt","FireGround"
"401","CameruptMega Camerupt","FireGround"
"402","Torkoal","Fire"
"403","Spoink","Psychic"
"404","Grumpig","Psychic"
"405","Spinda","Normal"
"406","Trapinch","Ground"
"407","Vibrava","GroundDragon"
"408","Flygon","GroundDragon"
"409","Cacnea","Grass"
"410","Cacturne","GrassDark"
"411","Swablu","NormalFlying"
"412","Altaria","DragonFlying"
"413","AltariaMega Altaria","DragonFairy"
"414","Zangoose","Normal"
"415","Seviper","Poison"
"416","Lunatone","RockPsychic"
"417","Solrock","RockPsychic"
"418","Barboach","WaterGround"
"419","Whiscash","WaterGround"
"420","Corphish","Water"
"421","Crawdaunt","WaterDark"
"422","Baltoy","GroundPsychic"
"423","Claydol","GroundPsychic"
"424","Lileep","RockGrass"
"425","Cradily","RockGrass"
"426","Anorith","RockBug"
"427","Armaldo","RockBug"
"428","Feebas","Water"
"429","Milotic","Water"
"430","Castform","Normal"
"431","CastformSunny Form","Fire"
"432","CastformRainy Form","Water"
"433","CastformSnowy Form","Ice"
"434","Kecleon","Normal"
"435","Shuppet","Ghost"
"436","Banette","Ghost"
"437","BanetteMega Banette","Ghost"
"438","Duskull","Ghost"
"439","Dusclops","Ghost"
"440","Tropius","GrassFlying"
"441","Chimecho","Psychic"
"442","Absol","Dark"
"443","AbsolMega Absol","Dark"
"444","Wynaut","Psychic"
"445","Snorunt","Ice"
"446","Glalie","Ice"
"447","GlalieMega Glalie","Ice"
"448","Spheal","IceWater"
"449","Sealeo","IceWater"
"450","Walrein","IceWater"
"451","Clamperl","Water"
"452","Huntail","Water"
"453","Gorebyss","Water"
"454","Relicanth","WaterRock"
"455","Luvdisc","Water"
"456","Bagon","Dragon"
"457","Shelgon","Dragon"
"458","Salamence","DragonFlying"
"459","SalamenceMega Salamence","DragonFlying"
"460","Beldum","SteelPsychic"
"461","Metang","SteelPsychic"
"462","Metagross","SteelPsychic"
"463","MetagrossMega Metagross","SteelPsychic"
"464","Regirock","Rock"
"465","Regice","Ice"
"466","Registeel","Steel"
"467","Latias","DragonPsychic"
"468","LatiasMega Latias","DragonPsychic"
"469","Latios","DragonPsychic"
"470","LatiosMega Latios","DragonPsychic"
"471","Kyogre","Water"
"472","KyogrePrimal Kyogre","Water"
"473","Groudon","Ground"
"474","GroudonPrimal Groudon","GroundFire"
"475","Rayquaza","DragonFlying"
"476","RayquazaMega Rayquaza","DragonFlying"
"477","Jirachi","SteelPsychic"
"478","DeoxysNormal Forme","Psychic"
"479","DeoxysAttack Forme","Psychic"
"480","DeoxysDefense Forme","Psychic"
"481","DeoxysSpeed Forme","Psychic"
"482","Turtwig","Grass"
"483","Grotle","Grass"
"484","Torterra","GrassGround"
"485","Chimchar","Fire"
"486","Monferno","FireFighting"
"487","Infernape","FireFighting"
"488","Piplup","Water"
"489","Prinplup","Water"
"490","Empoleon","WaterSteel"
"491","Starly","NormalFlying"
"492","Staravia","NormalFlying"
"493","Staraptor","NormalFlying"
"494","Bidoof","Normal"
"495","Bibarel","NormalWater"
"496","Kricketot","Bug"
"497","Kricketune","Bug"
"498","Shinx","Electric"
"499","Luxio","Electric"
"500","Luxray","Electric"
"501","Budew","GrassPoison"
"502","Roserade","GrassPoison"
"503","Cranidos","Rock"
"504","Rampardos","Rock"
"505","Shieldon","RockSteel"
"506","Bastiodon","RockSteel"
"507","BurmyPlant Cloak","Bug"
"508","BurmySandy Cloak","Bug"
"509","BurmyTrash Cloak","Bug"
"510","WormadamPlant Cloak","BugGrass"
"511","WormadamSandy Cloak","BugGround"
"512","WormadamTrash Cloak","BugSteel"
"513","Mothim","BugFlying"
"514","Combee","BugFlying"
"515","Vespiquen","BugFlying"
"516","Pachirisu","Electric"
"517","Buizel","Water"
"518","Floatzel","Water"
"519","Cherubi","Grass"
"520","Cherrim","Grass"
"521","Shellos","Water"
"522","Gastrodon","WaterGround"
"523","Ambipom","Normal"
"524","Drifloon","GhostFlying"
"525","Drifblim","GhostFlying"
"526","Buneary","Normal"
"527","Lopunny","Normal"
"528","LopunnyMega Lopunny","NormalFighting"
"529","Mismagius","Ghost"
"530","Honchkrow","DarkFlying"
"531","Glameow","Normal"
"532","Purugly","Normal"
"533","Chingling","Psychic"
"534","Stunky","PoisonDark"
"535","Skuntank","PoisonDark"
"536","Bronzor","SteelPsychic"
"537","Bronzong","SteelPsychic"
"538","Bonsly","Rock"
"539","Mime Jr.","PsychicFairy"
"540","Happiny","Normal"
"541","Chatot","NormalFlying"
"542","Spiritomb","GhostDark"
"543","Gible","DragonGround"
"544","Gabite","DragonGround"
"545","Garchomp","DragonGround"
"546","GarchompMega Garchomp","DragonGround"
"547","Munchlax","Normal"
"548","Riolu","Fighting"
"549","Lucario","FightingSteel"
"550","LucarioMega Lucario","FightingSteel"
"551","Hippopotas","Ground"
"552","Hippowdon","Ground"
"553","Skorupi","PoisonBug"
"554","Drapion","PoisonDark"
"555","Croagunk","PoisonFighting"
"556","Toxicroak","PoisonFighting"
"557","Carnivine","Grass"
"558","Finneon","Water"
"559","Lumineon","Water"
"560","Mantyke","WaterFlying"
"561","Snover","GrassIce"
"562","Abomasnow","GrassIce"
"563","AbomasnowMega Abomasnow","GrassIce"
"564","Weavile","DarkIce"
"565","Magnezone","ElectricSteel"
"566","Lickilicky","Normal"
"567","Rhyperior","GroundRock"
"568","Tangrowth","Grass"
"569","Electivire","Electric"
"570","Magmortar","Fire"
"571","Togekiss","FairyFlying"
"572","Yanmega","BugFlying"
"573","Leafeon","Grass"
"574","Glaceon","Ice"
"575","Gliscor","GroundFlying"
"576","Mamoswine","IceGround"
"577","Porygon-Z","Normal"
"578","Gallade","PsychicFighting"
"579","GalladeMega Gallade","PsychicFighting"
"580","Probopass","RockSteel"
"581","Dusknoir","Ghost"
"582","Froslass","IceGhost"
"583","Rotom","ElectricGhost"
"584","RotomHeat Rotom","ElectricFire"
"585","RotomWash Rotom","ElectricWater"
"586","RotomFrost Rotom","ElectricIce"
"587","RotomFan Rotom","ElectricFlying"
"588","RotomMow Rotom","ElectricGrass"
"589","Uxie","Psychic"
"590","Mesprit","Psychic"
"591","Azelf","Psychic"
"592","Dialga","SteelDragon"
"593","DialgaOrigin Forme","SteelDragon"
"594","Palkia","WaterDragon"
"595","PalkiaOrigin Forme","WaterDragon"
"596","Heatran","FireSteel"
"597","Regigigas","Normal"
"598","GiratinaAltered Forme","GhostDragon"
"599","GiratinaOrigin Forme","GhostDragon"
"600","Cresselia","Psychic"
"601","Phione","Water"
"602","Manaphy","Water"
"603","Darkrai","Dark"
"604","ShayminLand Forme","Grass"
"605","ShayminSky Forme","GrassFlying"
"606","Arceus","Normal"
"607","Victini","PsychicFire"
"608","Snivy","Grass"
"609","Servine","Grass"
"610","Serperior","Grass"
"611","Tepig","Fire"
"612","Pignite","FireFighting"
"613","Emboar","FireFighting"
"614","Oshawott","Water"
"615","Dewott","Water"
"616","Samurott","Water"
"617","SamurottHisuian Samurott","WaterDark"
"618","Patrat","Normal"
"619","Watchog","Normal"
"620","Lillipup","Normal"
"621","Herdier","Normal"
"622","Stoutland","Normal"
"623","Purrloin","Dark"
"624","Liepard","Dark"
"625","Pansage","Grass"
"626","Simisage","Grass"
"627","Pansear","Fire"
"628","Simisear","Fire"
"629","Panpour","Water"
"630","Simipour","Water"
"631","Munna","Psychic"
"632","Musharna","Psychic"
"633","Pidove","NormalFlying"
"634","Tranquill","NormalFlying"
"635","Unfezant","NormalFlying"
"636","Blitzle","Electric"
"637","Zebstrika","Electric"
"638","Roggenrola","Rock"
"639","Boldore","Rock"
"640","Gigalith","Rock"
"641","Woobat","PsychicFlying"
"642","Swoobat","PsychicFlying"
"643","Drilbur","Ground"
"644","Excadrill","GroundSteel"
"645","Audino","Normal"
"646","AudinoMega Audino","NormalFairy"
"647","Timburr","Fighting"
"648","Gurdurr","Fighting"
"649","Conkeldurr","Fighting"
"650","Tympole","Water"
"651","Palpitoad","WaterGround"
"652","Seismitoad","WaterGround"
"653","Throh","Fighting"
"654","Sawk","Fighting"
"655","Sewaddle","BugGrass"
"656","Swadloon","BugGrass"
"657","Leavanny","BugGrass"
"658","Venipede","BugPoison"
"659","Whirlipede","BugPoison"
"660","Scolipede","BugPoison"
"661","Cottonee","GrassFairy"
"662","Whimsicott","GrassFairy"
"663","Petilil","Grass"
"664","Lilligant","Grass"
"665","LilligantHisuian Lilligant","GrassFighting"
"666","BasculinRed-Striped Form","Water"
"667","BasculinBlue-Striped Form","Water"
"668","BasculinWhite-Striped Form","Water"
"669","Sandile","GroundDark"
"670","Krokorok","GroundDark"
"671","Krookodile","GroundDark"
"672","Darumaka","Fire"
"673","DarumakaGalarian Darumaka","Ice"
"674","DarmanitanStandard Mode","Fire"
"675","DarmanitanZen Mode","FirePsychic"
"676","DarmanitanGalarian Standard Mode","Ice"
"677","DarmanitanGalarian Zen Mode","IceFire"
"678","Maractus","Grass"
"679","Dwebble","BugRock"
"680","Crustle","BugRock"
"681","Scraggy","DarkFighting"
"682","Scrafty","DarkFighting"
"683","Sigilyph","PsychicFlying"
"684","Yamask","Ghost"
"685","YamaskGalarian Yamask","GroundGhost"
"686","Cofagrigus","Ghost"
"687","Tirtouga","WaterRock"
"688","Carracosta","WaterRock"
"689","Archen","RockFlying"
"690","Archeops","RockFlying"
"691","Trubbish","Poison"
"692","Garbodor","Poison"
"693","Zorua","Dark"
"694","ZoruaHisuian Zorua","NormalGhost"
"695","Zoroark","Dark"
"696","ZoroarkHisuian Zoroark","NormalGhost"
"697","Minccino","Normal"
"698","Cinccino","Normal"
"699","Gothita","Psychic"
"700","Gothorita","Psychic"
"701","Gothitelle","Psychic"
"702","Solosis","Psychic"
"703","Duosion","Psychic"
"704","Reuniclus","Psychic"
"705","Ducklett","WaterFlying"
"706","Swanna","WaterFlying"
"707","Vanillite","Ice"
"708","Vanillish","Ice"
"709","Vanilluxe","Ice"
"710","Deerling","NormalGrass"
"711","Sawsbuck","NormalGrass"
"712","Emolga","ElectricFlying"
"713","Karrablast","Bug"
"714","Escavalier","BugSteel"
"715","Foongus","GrassPoison"
"716","Amoonguss","GrassPoison"
"717","Frillish","WaterGhost"
"718","Jellicent","WaterGhost"
"719","Alomomola","Water"
"720","Joltik","BugElectric"
"721","Galvantula","BugElectric"
"722","Ferroseed","GrassSteel"
"723","Ferrothorn","GrassSteel"
"724","Klink","Steel"
"725","Klang","Steel"
"726","Klinklang","Steel"
"727","Tynamo","Electric"
"728","Eelektrik","Electric"
"729","Eelektross","Electric"
"730","Elgyem","Psychic"
"731","Beheeyem","Psychic"
"732","Litwick","GhostFire"
"733","Lampent","GhostFire"
"734","Chandelure","GhostFire"
"735","Axew","Dragon"
"736","Fraxure","Dragon"
"737","Haxorus","Dragon"
"738","Cubchoo","Ice"
"739","Beartic","Ice"
"740","Cryogonal","Ice"
"741","Shelmet","Bug"
"742","Accelgor","Bug"
"743","Stunfisk","GroundElectric"
"744","StunfiskGalarian Stunfisk","GroundSteel"
"745","Mienfoo","Fighting"
"746","Mienshao","Fighting"
"747","Druddigon","Dragon"
"748","Golett","GroundGhost"
"749","Golurk","GroundGhost"
"750","Pawniard","DarkSteel"
"751","Bisharp","DarkSteel"
"752","Bouffalant","Normal"
"753","Rufflet","NormalFlying"
"754","Braviary","NormalFlying"
"755","BraviaryHisuian Braviary","PsychicFlying"
"756","Vullaby","DarkFlying"
"757","Mandibuzz","DarkFlying"
"758","Heatmor","Fire"
"759","Durant","BugSteel"
"760","Deino","DarkDragon"
"761","Zweilous","DarkDragon"
"762","Hydreigon","DarkDragon"
"763","Larvesta","BugFire"
"764","Volcarona","BugFire"
"765","Cobalion","SteelFighting"
"766","Terrakion","RockFighting"
"767","Virizion","GrassFighting"
"768","TornadusIncarnate Forme","Flying"
"769","TornadusTherian Forme","Flying"
"770","ThundurusIncarnate Forme","ElectricFlying"
"771","ThundurusTherian Forme","ElectricFlying"
"772","Reshiram","DragonFire"
"773","Zekrom","DragonElectric"
"774","LandorusIncarnate Forme","GroundFlying"
"775","LandorusTherian Forme","GroundFlying"
"776","Kyurem","DragonIce"
"777","KyuremWhite Kyurem","DragonIce"
"778","KyuremBlack Kyurem","DragonIce"
"779","KeldeoOrdinary Form","WaterFighting"
"780","KeldeoResolute Form","WaterFighting"
"781","MeloettaAria Forme","NormalPsychic"
"782","MeloettaPirouette Forme","NormalFighting"
"783","Genesect","BugSteel"
"784","Chespin","Grass"
"785","Quilladin","Grass"
"786","Chesnaught","GrassFighting"
"787","Fennekin","Fire"
"788","Braixen","Fire"
"789","Delphox","FirePsychic"
"790","Froakie","Water"
"791","Frogadier","Water"
"792","Greninja","WaterDark"
"793","GreninjaAsh-Greninja","WaterDark"
"794","Bunnelby","Normal"
"795","Diggersby","NormalGround"
"796","Fletchling","NormalFlying"
"797","Fletchinder","FireFlying"
"798","Talonflame","FireFlying"
"799","Scatterbug","Bug"
"800","Spewpa","Bug"
"801","Vivillon","BugFlying"
"802","Litleo","FireNormal"
"803","Pyroar","FireNormal"
"804","Flabébé","Fairy"
"805","Floette","Fairy"
"806","Florges","Fairy"
"807","Skiddo","Grass"
"808","Gogoat","Grass"
"809","Pancham","Fighting"
"810","Pangoro","FightingDark"
"811","Furfrou","Normal"
"812","Espurr","Psychic"
"813","MeowsticMale","Psychic"
"814","MeowsticFemale","Psychic"
"815","Honedge","SteelGhost"
"816","Doublade","SteelGhost"
"817","AegislashShield Forme","SteelGhost"
"818","AegislashBlade Forme","SteelGhost"
"819","Spritzee","Fairy"
"820","Aromatisse","Fairy"
"821","Swirlix","Fairy"
"822","Slurpuff","Fairy"
"823","Inkay","DarkPsychic"
"824","Malamar","DarkPsychic"
"825","Binacle","RockWater"
"826","Barbaracle","RockWater"
"827","Skrelp","PoisonWater"
"828","Dragalge","PoisonDragon"
"829","Clauncher","Water"
"830","Clawitzer","Water"
"831","Helioptile","ElectricNormal"
"832","Heliolisk","ElectricNormal"
"833","Tyrunt","RockDragon"
"834","Tyrantrum","RockDragon"
"835","Amaura","RockIce"
"836","Aurorus","RockIce"
"837","Sylveon","Fairy"
"838","Hawlucha","FightingFlying"
"839","Dedenne","ElectricFairy"
"840","Carbink","RockFairy"
"841","Goomy","Dragon"
"842","Sliggoo","Dragon"
"843","SliggooHisuian Sliggoo","SteelDragon"
"844","Goodra","Dragon"
"845","GoodraHisuian Goodra","SteelDragon"
"846","Klefki","SteelFairy"
"847","Phantump","GhostGrass"
"848","Trevenant","GhostGrass"
"849","PumpkabooAverage Size","GhostGrass"
"850","PumpkabooSmall Size","GhostGrass"
"851","PumpkabooLarge Size","GhostGrass"
"852","PumpkabooSuper Size","GhostGrass"
"853","GourgeistAverage Size","GhostGrass"
"854","GourgeistSmall Size","GhostGrass"
"855","GourgeistLarge Size","GhostGrass"
"856","GourgeistSuper Size","GhostGrass"
"857","Bergmite","Ice"
"858","Avalugg","Ice"
"859","AvaluggHisuian Avalugg","IceRock"
"860","Noibat","FlyingDragon"
"861","Noivern","FlyingDragon"
"862","Xerneas","Fairy"
"863","Yveltal","DarkFlying"
"864","Zygarde50% Forme","DragonGround"
"865","Zygarde10% Forme","DragonGround"
"866","ZygardeComplete Forme","DragonGround"
"867","Diancie","RockFairy"
"868","DiancieMega Diancie","RockFairy"
"869","HoopaHoopa Confined","PsychicGhost"
"870","HoopaHoopa Unbound","PsychicDark"
"871","Volcanion","FireWater"
"872","Rowlet","GrassFlying"
"873","Dartrix","GrassFlying"
"874","Decidueye","GrassGhost"
"875","DecidueyeHisuian Decidueye","GrassFighting"
"876","Litten","Fire"
"877","Torracat","Fire"
"878","Incineroar","FireDark"
"879","Popplio","Water"
"880","Brionne","Water"
"881","Primarina","WaterFairy"
"882","Pikipek","NormalFlying"
"883","Trumbeak","NormalFlying"
"884","Toucannon","NormalFlying"
"885","Yungoos","Normal"
"886","Gumshoos","Normal"
"887","Grubbin","Bug"
"888","Charjabug","BugElectric"
"889","Vikavolt","BugElectric"
"890","Crabrawler","Fighting"
"891","Crabominable","FightingIce"
"892","OricorioBaile Style","FireFlying"
"893","OricorioPom-Pom Style","ElectricFlying"
"894","OricorioPa'u Style","PsychicFlying"
"895","OricorioSensu Style","GhostFlying"
"896","Cutiefly","BugFairy"
"897","Ribombee","BugFairy"
"898","Rockruff","Rock"
"899","RockruffOwn Tempo Rockruff","Rock"
"900","LycanrocMidday Form","Rock"
"901","LycanrocMidnight Form","Rock"
"902","LycanrocDusk Form","Rock"
"903","WishiwashiSolo Form","Water"
"904","WishiwashiSchool Form","Water"
"905","Mareanie","PoisonWater"
"906","Toxapex","PoisonWater"
"907","Mudbray","Ground"
"908","Mudsdale","Ground"
"909","Dewpider","WaterBug"
"910","Araquanid","WaterBug"
"911","Fomantis","Grass"
"912","Lurantis","Grass"
"913","Morelull","GrassFairy"
"914","Shiinotic","GrassFairy"
"915","Salandit","PoisonFire"
"916","Salazzle","PoisonFire"
"917","Stufful","NormalFighting"
"918","Bewear","NormalFighting"
"919","Bounsweet","Grass"
"920","Steenee","Grass"
"921","Tsareena","Grass"
"922","Comfey","Fairy"
"923","Oranguru","NormalPsychic"
"924","Passimian","Fighting"
"925","Wimpod","BugWater"
"926","Golisopod","BugWater"
"927","Sandygast","GhostGround"
"928","Palossand","GhostGround"
"929","Pyukumuku","Water"
"930","Type: Null","Normal"
"931","Silvally","Normal"
"932","MiniorMeteor Form","RockFlying"
"933","MiniorCore Form","RockFlying"
"934","Komala","Normal"
"935","Turtonator","FireDragon"
"936","Togedemaru","ElectricSteel"
"937","Mimikyu","GhostFairy"
"938","Bruxish","WaterPsychic"
"939","Drampa","NormalDragon"
"940","Dhelmise","GhostGrass"
"941","Jangmo-o","Dragon"
"942","Hakamo-o","DragonFighting"
"943","Kommo-o","DragonFighting"
"944","Tapu Koko","ElectricFairy"
"945","Tapu Lele","PsychicFairy"
"946","Tapu Bulu","GrassFairy"
"947","Tapu Fini","WaterFairy"
"948","Cosmog","Psychic"
"949","Cosmoem","Psychic"
"950","Solgaleo","PsychicSteel"
"951","Lunala","PsychicGhost"
"952","Nihilego","RockPoison"
"953","Buzzwole","BugFighting"
"954","Pheromosa","BugFighting"
"955","Xurkitree","Electric"
"956","Celesteela","SteelFlying"
"957","Kartana","GrassSteel"
"958","Guzzlord","DarkDragon"
"959","Necrozma","Psychic"
"960","NecrozmaDusk Mane Necrozma","PsychicSteel"
"961","NecrozmaDawn Wings Necrozma","PsychicGhost"
"962","NecrozmaUltra Necrozma","PsychicDragon"
"963","Magearna","SteelFairy"
"964","Marshadow","FightingGhost"
"965","Poipole","Poison"
"966","Naganadel","PoisonDragon"
"967","Stakataka","RockSteel"
"968","Blacephalon","FireGhost"
"969","Zeraora","Electric"
"970","Meltan","Steel"
"971","Melmetal","Steel"
"972","Grookey","Grass"
"973","Thwackey","Grass"
"974","Rillaboom","Grass"
"975","Scorbunny","Fire"
"976","Raboot","Fire"
"977","Cinderace","Fire"
"978","Sobble","Water"
"979","Drizzile","Water"
"980","Inteleon","Water"
"981","Skwovet","Normal"
"982","Greedent","Normal"
"983","Rookidee","Flying"
"984","Corvisquire","Flying"
"985","Corviknight","FlyingSteel"
"986","Blipbug","Bug"
"987","Dottler","BugPsychic"
"988","Orbeetle","BugPsychic"
"989","Nickit","Dark"
"990","Thievul","Dark"
"991","Gossifleur","Grass"
"992","Eldegoss","Grass"
"993","Wooloo","Normal"
"994","Dubwool","Normal"
"995","Chewtle","Water"
"996","Drednaw","WaterRock"
"997","Yamper","Electric"
"998","Boltund","Electric"
"999","Rolycoly","Rock"
"1000","Carkol","RockFire"
"1001","Coalossal","RockFire"
"1002","Applin","GrassDragon"
"1003","Flapple","GrassDragon"
"1004","Appletun","GrassDragon"
"1005","Silicobra","Ground"
"1006","Sandaconda","Ground"
"1007","Cramorant","FlyingWater"
"1008","Arrokuda","Water"
"1009","Barraskewda","Water"
"1010","Toxel","ElectricPoison"
"1011","ToxtricityAmped Form","ElectricPoison"
"1012","ToxtricityLow Key Form","ElectricPoison"
"1013","Sizzlipede","FireBug"
"1014","Centiskorch","FireBug"
"1015","Clobbopus","Fighting"
"1016","Grapploct","Fighting"
"1017","Sinistea","Ghost"
"1018","Polteageist","Ghost"
"1019","Hatenna","Psychic"
"1020","Hattrem","Psychic"
"1021","Hatterene","PsychicFairy"
"1022","Impidimp","DarkFairy"
"1023","Morgrem","DarkFairy"
"1024","Grimmsnarl","DarkFairy"
"1025","Obstagoon","DarkNormal"
"1026","Perrserker","Steel"
"1027","Cursola","Ghost"
"1028","Sirfetch'd","Fighting"
"1029","Mr. Rime","IcePsychic"
"1030","Runerigus","GroundGhost"
"1031","Milcery","Fairy"
"1032","Alcremie","Fairy"
"1033","Falinks","Fighting"
"1034","Pincurchin","Electric"
"1035","Snom","IceBug"
"1036","Frosmoth","IceBug"
"1037","Stonjourner","Rock"
"1038","EiscueIce Face","Ice"
"1039","EiscueNoice Face","Ice"
"1040","IndeedeeMale","PsychicNormal"
"1041","IndeedeeFemale","PsychicNormal"
"1042","MorpekoFull Belly Mode","ElectricDark"
"1043","MorpekoHangry Mode","ElectricDark"
"1044","Cufant","Steel"
"1045","Copperajah","Steel"
"1046","Dracozolt","ElectricDragon"
"1047","Arctozolt","ElectricIce"
"1048","Dracovish","WaterDragon"
"1049","Arctovish","WaterIce"
"1050","Duraludon","SteelDragon"
"1051","Dreepy","DragonGhost"
"1052","Drakloak","DragonGhost"
"1053","Dragapult","DragonGhost"
"1054","ZacianHero of Many Battles","Fairy"
"1055","ZacianCrowned Sword","FairySteel"
"1056","ZamazentaHero of Many Battles","Fighting"
"1057","ZamazentaCrowned Shield","FightingSteel"
"1058","Eternatus","PoisonDragon"
"1059","EternatusEternamax","PoisonDragon"
"1060","Kubfu","Fighting"
"1061","UrshifuSingle Strike Style","FightingDark"
"1062","UrshifuRapid Strike Style","FightingWater"
"1063","Zarude","DarkGrass"
"1064","Regieleki","Electric"
"1065","Regidrago","Dragon"
"1066","Glastrier","Ice"
"1067","Spectrier","Ghost"
"1068","Calyrex","PsychicGrass"
"1069","CalyrexIce Rider","PsychicIce"
"1070","CalyrexShadow Rider","PsychicGhost"
"1071","Wyrdeer","NormalPsychic"
"1072","Kleavor","BugRock"
"1073","Ursaluna","GroundNormal"
"1074","BasculegionMale","WaterGhost"
"1075","BasculegionFemale","WaterGhost"
"1076","Sneasler","FightingPoison"
"1077","Overqwil","DarkPoison"
"1078","EnamorusIncarnate Forme","FairyFlying"
"1079","EnamorusTherian Forme","FairyFlying"
"1080","Sprigatito","Grass"
"1081","Floragato","Grass"
"1082","Meowscarada","GrassDark"
"1083","Fuecoco","Fire"
"1084","Crocalor","Fire"
"1085","Skeledirge","FireGhost"
"1086","Quaxly","Water"
"1087","Quaxwell","Water"
"1088","Quaquaval","WaterFighting"
"1089","Lechonk","Normal"
"1090","OinkologneMale","Normal"
"1091","OinkologneFemale","Normal"
"1092","Tarountula","Bug"
"1093","Spidops","Bug"
"1094","Nymble","Bug"
"1095","Lokix","BugDark"
"1096","Pawmi","Electric"
"1097","Pawmo","ElectricFighting"
"1098","Pawmot","ElectricFighting"
"1099","Tandemaus","Normal"
"1100","MausholdFamily of Four","Normal"
"1101","MausholdFamily of Three","Normal"
"1102","Fidough","Fairy"
"1103","Dachsbun","Fairy"
"1104","Smoliv","GrassNormal"
"1105","Dolliv","GrassNormal"
"1106","Arboliva","GrassNormal"
"1107","SquawkabillyGreen Plumage","NormalFlying"
"1108","SquawkabillyBlue Plumage","NormalFlying"
"1109","SquawkabillyYellow Plumage","NormalFlying"
"1110","SquawkabillyWhite Plumage","NormalFlying"
"1111","Nacli","Rock"
"1112","Naclstack","Rock"
"1113","Garganacl","Rock"
"1114","Charcadet","Fire"
"1115","Armarouge","FirePsychic"
"1116","Ceruledge","FireGhost"
"1117","Tadbulb","Electric"
"1118","Bellibolt","Electric"
"1119","Wattrel","ElectricFlying"
"1120","Kilowattrel","ElectricFlying"
"1121","Maschiff","Dark"
"1122","Mabosstiff","Dark"
"1123","Shroodle","PoisonNormal"
"1124","Grafaiai","PoisonNormal"
"1125","Bramblin","GrassGhost"
"1126","Brambleghast","GrassGhost"
"1127","Toedscool","GroundGrass"
"1128","Toedscruel","GroundGrass"
"1129","Klawf","Rock"
"1130","Capsakid","Grass"
"1131","Scovillain","GrassFire"
"1132","Rellor","Bug"
"1133","Rabsca","BugPsychic"
"1134","Flittle","Psychic"
"1135","Espathra","Psychic"
"1136","Tinkatink","FairySteel"
"1137","Tinkatuff","FairySteel"
"1138","Tinkaton","FairySteel"
"1139","Wiglett","Water"
"1140","Wugtrio","Water"
"1141","Bombirdier","FlyingDark"
"1142","Finizen","Water"
"1143","PalafinZero Form","Water"
"1144","PalafinHero Form","Water"
"1145","Varoom","SteelPoison"
"1146","Revavroom","SteelPoison"
"1147","Cyclizar","DragonNormal"
"1148","Orthworm","Steel"
"1149","Glimmet","RockPoison"
"1150","Glimmora","RockPoison"
"1151","Greavard","Ghost"
"1152","Houndstone","Ghost"
"1153","Flamigo","FlyingFighting"
"1154","Cetoddle","Ice"
"1155","Cetitan","Ice"
"1156","Veluza","WaterPsychic"
"1157","Dondozo","Water"
"1158","TatsugiriCurly Form","DragonWater"
"1159","TatsugiriDroopy Form","DragonWater"
"1160","TatsugiriStretchy Form","DragonWater"
"1161","Annihilape","FightingGhost"
"1162","Clodsire","PoisonGround"
"1163","Farigiraf","NormalPsychic"
"1164","DudunsparceTwo-Segment Form","Normal"
"1165","DudunsparceThree-Segment Form","Normal"
"1166","Kingambit","DarkSteel"
"1167","Great Tusk","GroundFighting"
"1168","Scream Tail","FairyPsychic"
"1169","Brute Bonnet","GrassDark"
"1170","Flutter Mane","GhostFairy"
"1171","Slither Wing","BugFighting"
"1172","Sandy Shocks","ElectricGround"
"1173","Iron Treads","GroundSteel"
"1174","Iron Bundle","IceWater"
"1175","Iron Hands","FightingElectric"
"1176","Iron Jugulis","DarkFlying"
"1177","Iron Moth","FirePoison"
"1178","Iron Thorns","RockElectric"
"1179","Frigibax","DragonIce"
"1180","Arctibax","DragonIce"
"1181","Baxcalibur","DragonIce"
"1182","GimmighoulChest Form","Ghost"
"1183","GimmighoulRoaming Form","Ghost"
"1184","Gholdengo","SteelGhost"
"1185","Wo-Chien","DarkGrass"
"1186","Chien-Pao","DarkIce"
"1187","Ting-Lu","DarkGround"
"1188","Chi-Yu","DarkFire"
"1189","Roaring Moon","DragonDark"
"1190","Iron Valiant","FairyFighting"
"1191","Koraidon","FightingDragon"
"1192","Miraidon","ElectricDragon"
"1193","Walking Wake","WaterDragon"
"1194","Iron Leaves","GrassPsychic"
